time [s],Oxidizer mass flow rate [g/s],Thrust [N],Chamber pressure [MPaG]
t,mox,F,Pc
0,14.37552533,105.132032,0.308507425
0.005,43.33707392,109.5073275,0.31501481
0.01,60.14857295,114.663925,0.32246741
0.015,73.69619585,120.445561,0.32981094
0.02,85.50154223,125.4458975,0.33686364
0.025,96.1483666,131.071281,0.34460707
0.03,105.9880623,137.790481,0.35344112
0.035,115.2690724,145.369113,0.36358392
0.04,124.107449,152.5570955,0.375180885
0.045,132.6238155,160.291994,0.38663243
0.05,140.8433704,169.4332325,0.397938565
0.055,148.7399849,178.183819,0.409753655
0.06,156.3277131,186.8562795,0.421714155
0.065,163.7740868,195.1380895,0.4344381
0.07,171.1860416,205.060625,0.448070895
0.075,178.4369992,214.436255,0.46192181
0.08,185.356101,223.65563,0.475409195
0.085,192.0082541,232.01557,0.488460325
0.09,198.5877951,241.78185,0.50256572
0.095,205.0711755,251.86065,0.518016225
0.1,211.3008278,261.392545,0.53335766
0.105,217.2737254,271.549475,0.549026285
0.11,223.1093088,283.11275,0.5667671
0.115,228.8551279,296.00424,0.58610749
0.12,234.4313838,309.208255,0.606247675
0.125,239.8767944,323.818605,0.628532755
0.13,245.2661361,339.36652,0.653289905
0.135,250.4747568,356.945825,0.68030102
0.14,255.405713,374.681395,0.708111925
0.145,260.2304883,393.667045,0.73766782
0.15,265.1268946,413.74652,0.76885967
0.155,269.8525811,434.6073,0.79961525
0.16,274.1550613,454.764905,0.829389275
0.165,278.0931045,474.92251,0.85967228
0.17,282.0029286,495.705155,0.890682355
0.175,285.8732212,516.722195,0.92096533
0.18,289.567475,537.42671,0.95048489
0.185,293.1102406,558.053095,0.97982268
0.19,296.4877872,578.75761,1.009233165
0.195,299.4541127,599.227735,1.03798927
0.2,302.0458143,619.85412,1.066236415
0.205,304.7041519,639.46481,1.09473806
0.21,307.4945587,659.700545,1.12287615
0.215,310.0828849,680.014415,1.149269245
0.22,312.199878,699.15633,1.173590155
0.225,314.0835733,716.501245,1.19634787
0.23,315.964704,733.14299,1.217796785
0.235,317.866548,749.08156,1.23768247
0.24,319.7633026,764.86387,1.256223075
0.245,321.6250863,779.3961,1.273673075
0.25,323.0289115,793.459545,1.2896689
0.255,323.7724231,807.366735,1.3037743
0.26,324.3804684,819.32066,1.3167527
0.265,325.2125903,830.962065,1.330749
0.27,326.0938381,844.00982,1.34554515
0.275,326.7397876,857.604485,1.35914155
0.28,327.1907521,869.714675,1.3714656
0.285,327.5203412,880.8873,1.3834261
0.29,327.5417052,892.84121,1.3959319
0.295,327.4070252,905.498295,1.4092375
0.3,327.6313965,917.53035,1.42370645
0.305,328.0860783,929.874915,1.43853895
0.31,328.1369749,943.860245,1.45322605
0.315,327.8200654,957.220505,1.46678615
0.32,327.6462652,969.17443,1.4811096
0.325,327.7091252,982.14403,1.4970691
0.33,327.6763592,996.83252,1.51342845
0.335,327.4684511,1011.59914,1.53004225
0.34,327.4626991,1025.89701,1.5468742
0.345,327.5409601,1040.976145,1.5635244
0.35,327.473052,1056.055295,1.5793021
0.355,327.7383102,1070.04062,1.59471625
0.36,328.7059557,1082.853975,1.60991225
0.365,329.9669591,1096.52678,1.6250356
0.37,331.0453174,1110.59022,1.6391047
0.375,332.1501539,1122.700445,1.6525557
0.38,333.6306518,1134.10744,1.6663703
0.385,335.3927269,1146.139525,1.67974865
0.39,337.1113257,1157.7809,1.6927634
0.395,338.8994362,1169.3442,1.7063598
0.4,341.0013594,1182.2357,1.72104685
0.405,342.988866,1195.75225,1.73522495
0.41,344.9325789,1208.2531,1.74751265
0.415,347.2801752,1218.4882,1.7587824
0.42,350.0894213,1228.41075,1.7698704
0.425,352.9930164,1239.8959,1.78114015
0.43,355.9340615,1251.1467,1.79244625
0.435,359.1298737,1262.0068,1.8040796
0.44,362.4685649,1272.63255,1.81509495
0.445,365.7401821,1282.24255,1.82403805
0.45,368.9117806,1289.9774,1.8318178
0.455,372.2868368,1297.63415,1.84007015
0.46,375.4992559,1305.91595,1.84861335
0.465,378.4845903,1314.19775,1.8557751
0.47,381.4885116,1321.38575,1.8633004
0.475,384.5898779,1328.4956,1.87206175
0.48,387.6021137,1337.0118,1.88053225
0.485,390.6277485,1344.90295,1.8876576
0.49,393.951451,1351.544,1.89380145
0.495,397.4501607,1357.2475,1.9004543
0.5,400.9213641,1363.8886,1.9072525
0.505,404.3730133,1370.4515,1.9144143
0.51,405.9658,1376.85815,1.92175785
0.515,407.4641349,1383.2648,1.92870145
0.52,408.8103789,1388.89015,1.9333548
0.525,410.1678793,1393.7342,1.9370993
0.53,411.7071439,1397.87505,1.94269785
0.535,413.1473504,1403.4223,1.949896
0.54,414.4386921,1409.67275,1.955749
0.545,415.84108,1414.59495,1.95869365
0.55,417.4577154,1416.93885,1.9600024
0.555,419.1463528,1419.0484,1.96214725
0.56,420.8541454,1422.1736,1.96676425
0.565,422.4906853,1426.8614,1.97323535
0.57,424.0443137,1432.3305,1.9788702
0.575,425.606282,1435.84635,1.98177855
0.58,427.1898951,1437.7996,1.98290555
0.585,428.9071635,1439.59655,1.9853413
0.59,430.5142691,1442.48735,1.98995825
0.595,432.0472566,1446.55015,1.99442985
0.6,433.6260301,1451.00355,1.99879235
0.605,435.2180483,1455.7695,2.0031185
0.61,436.6225083,1460.1448,2.00624495
0.615,438.0486873,1462.87935,2.0083171
0.62,439.6265664,1464.7545,2.0114072
0.625,441.1165924,1468.19225,2.01580605
0.63,442.4402632,1472.17695,2.0194778
0.635,443.7693973,1474.3646,2.0208229
0.64,445.2976166,1475.84905,2.02296785
0.645,446.6891262,1478.34925,2.0268577
0.65,447.9733847,1481.2401,2.02936615
0.655,449.4328089,1482.8027,2.03078395
0.66,451.0371658,1485.3029,2.0347102
0.665,452.3438613,1489.9126,2.04016335
0.67,453.370491,1495.1473,2.0445622
0.675,454.6806915,1498.7413,2.04750685
0.68,456.0269181,1502.179,2.05154215
0.685,457.0014607,1506.7106,2.0563772
0.69,457.8635457,1510.3046,2.0587402
0.695,458.9171411,1512.41405,2.0605943
0.7,459.9120146,1514.91425,2.06466595
0.705,460.6715876,1518.8208,2.0685195
0.71,461.5051434,1521.00845,2.0688103
0.715,462.6106617,1521.0085,2.0681559
0.72,463.7295868,1521.3992,2.0700827
0.725,464.5324043,1524.6025,2.07466335
0.73,465.4363688,1528.82155,2.07829875
0.735,466.5446001,1531.71235,2.08011645
0.74,467.5259964,1533.6656,2.08182505
0.745,468.4473065,1535.30635,2.08364275
0.75,469.3621502,1537.4158,2.08578765
0.755,470.1528872,1539.9941,2.0890595
0.76,470.8126548,1544.21315,2.0938946
0.765,471.4722524,1548.8228,2.0981844
0.77,472.0970162,1551.79175,2.1000384
0.775,472.761919,1551.47925,2.1001111
0.78,473.4425077,1550.9323,2.1006928
0.785,474.226753,1551.79175,2.1024378
0.79,475.1364716,1553.9013,2.10414645
0.795,476.0790618,1555.77645,2.10538245
0.8,477.1176005,1557.26095,2.1063277
0.805,478.1827167,1557.8078,2.10741835
0.81,479.1381837,1558.1203,2.1081818
0.815,480.0903544,1559.6048,2.11025395
0.82,481.1984315,1562.57375,2.11414385
0.825,482.1787493,1566.87095,2.11799735
0.83,482.9822803,1568.5117,2.1193788
0.835,483.7729762,1568.8242,2.11905165
0.84,484.6074599,1568.8242,2.11977875
0.845,485.4121908,1570.69935,2.12177825
0.85,486.1369975,1572.65265,2.1237777
0.855,486.957038,1574.9966,2.1252319
0.86,487.8312037,1576.79355,2.12701325
0.865,488.6093513,1577.73105,2.1278858
0.87,489.3985146,1578.04355,2.1276677
0.875,490.3141708,1578.1998,2.12755865
0.88,491.3004166,1580.07495,2.12904915
0.885,492.1845158,1583.20015,2.1319575
0.89,492.9334284,1586.87225,2.1347204
0.895,493.6145257,1588.98175,2.13617455
0.9,494.3283385,1589.9193,2.13704705
0.905,494.974469,1590.30995,2.13784685
0.91,495.6365657,1591.3257,2.1388284
0.915,496.3419777,1593.20085,2.1402098
0.92,496.9412819,1595.1541,2.1417367
0.925,497.4915708,1597.0292,2.1430818
0.93,498.009037,1598.5918,2.1435908
0.935,498.5868097,1598.8262,2.1435544
0.94,499.2296295,1599.99815,2.14511765
0.945,499.8434854,1603.2796,2.1496619
0.95,500.331267,1607.65485,2.15340635
0.955,500.8131371,1609.9206,2.1550786
0.96,501.3490013,1610.2331,2.1556603
0.965,501.8896371,1611.1707,2.15736895
0.97,502.4196335,1613.124,2.159841
0.975,502.9664881,1614.45225,2.16100435
0.98,503.5129913,1614.8429,2.1612588
0.985,504.0764564,1615.23355,2.16053175
0.99,504.7487105,1614.296,2.15893215
0.995,505.4694067,1613.2022,2.1576598
1,506.1881414,1614.06165,2.15969565
1.005,506.712189,1617.4994,2.16260395
1.01,507.1171337,1619.99955,2.16383995
1.015,507.5544448,1619.687,2.1626403
1.02,508.0451918,1618.9838,2.16100435
1.025,508.5890161,1619.37445,2.1612225
1.03,509.2033217,1620.312,2.16213135
1.035,509.8011484,1620.7808,2.16285845
1.04,510.2965418,1621.3277,2.1628221
1.045,510.8397943,1621.48395,2.16173145
1.05,511.3610715,1620.0776,2.15944115
1.055,511.9786695,1618.35875,2.15755075
1.06,512.6276585,1617.8119,2.15715085
1.065,513.2281926,1617.89,2.15649645
1.07,513.8068724,1617.03055,2.15467875
1.075,514.3842827,1615.78045,2.1526792
1.08,514.9335891,1615.7023,2.15249745
1.085,515.4445255,1617.0305,2.1538789
1.09,515.9121507,1618.7494,2.1555512
1.095,516.2461162,1619.68695,2.15740525
1.1,516.5478977,1620.70265,2.15864125
1.105,516.8383518,1621.24955,2.15896845
1.11,517.1132696,1621.9527,2.15889575
1.115,517.4402759,1622.109,2.16034995
1.12,517.7573874,1622.34335,2.1610407
1.125,518.1327172,1622.34335,2.16060445
1.13,518.5650904,1622.26525,2.1612224
1.135,518.8596698,1623.12465,2.16329455
1.14,519.0602868,1623.5934,2.16362175
1.145,519.3874419,1623.35905,2.1615496
1.15,519.7724697,1622.34335,2.1606771
1.155,520.0307915,1622.57775,2.1622403
1.16,520.2420567,1623.90595,2.16340365
1.165,520.4944527,1626.01545,2.16373085
1.17,520.7449929,1627.49995,2.16620295
1.175,520.8164807,1630.0001,2.1692931
1.18,520.857228,1632.0315,2.1700929
1.185,520.9919548,1632.1878,2.16994745
1.19,521.1212021,1632.34405,2.1707472
1.195,521.1525134,1632.50025,2.17125615
1.2,521.3517231,1633.28155,2.17074725
1.205,521.7920349,1633.9066,2.17081995
1.21,522.1897486,1634.21915,2.1720196
1.215,522.3848521,1633.98475,2.17132885
1.22,522.732063,1633.67225,2.1692203
1.225,523.2353843,1632.89095,2.16918395
1.23,523.5696668,1634.14105,2.17136525
1.235,523.7423044,1636.40685,2.1727831
1.24,523.882828,1637.11005,2.17354655
1.245,524.0644966,1636.9538,2.17383735
1.25,524.2007138,1635.9381,2.1724195
1.255,524.4521639,1634.2973,2.16980205
1.26,524.9121381,1633.2816,2.1686387
1.265,525.4176587,1634.06295,2.1702746
1.27,525.6056168,1635.5474,2.17180145
1.275,525.705654,1636.64125,2.1712561
1.28,525.9781033,1635.2349,2.16969285
1.285,526.3381884,1633.4379,2.1683841
1.29,526.755329,1632.6566,2.1673662
1.295,527.1721396,1632.8129,2.16776615
1.3,527.5264519,1632.89105,2.16845685
1.305,527.7724274,1632.50045,2.1668209
1.31,528.0083958,1629.9221,2.16293105
1.315,528.3015678,1626.875,2.15998635
1.32,528.625145,1626.32815,2.1604226
1.325,528.8124877,1627.96885,2.1627129
1.33,528.8542417,1630.469,2.1641307
1.335,528.8753029,1631.4847,2.16442155
1.34,528.8651536,1631.5628,2.1641307
1.345,528.9742182,1630.93775,2.16278555
1.35,529.2383586,1630.7034,2.1619858
1.355,529.5029471,1631.87535,2.1636944
1.36,529.6015147,1635.0006,2.1669663
1.365,529.5962899,1637.4226,2.16805695
1.37,529.6324853,1636.56315,2.16623925
1.375,529.7934557,1634.21925,2.16460335
1.38,529.9904575,1633.20355,2.16533045
1.385,530.2341806,1634.7661,2.16642105
1.39,530.4522334,1636.485,2.1670391
1.395,530.462959,1638.20385,2.1684206
1.4,530.3489832,1639.3758,2.1699111
1.405,530.306754,1640.23525,2.16987475
1.41,530.327018,1640.78215,2.1694748
1.415,530.3577858,1641.6416,2.1711471
1.42,530.4143295,1643.36045,2.1726376
1.425,530.4917176,1643.9855,2.1714743
1.43,530.6464043,1642.8135,2.16922035
1.435,530.7291884,1641.01655,2.1691113
1.44,530.8119735,1641.17275,2.1698747
1.445,531.0144632,1641.32905,2.16903855
1.45,531.2583015,1640.86025,2.16707545
1.455,531.4401009,1638.4382,2.1652214
1.46,531.6532756,1636.48495,2.1630038
1.465,531.9081851,1635.39115,2.1609316
1.47,532.1523508,1635.39115,2.1620586
1.475,532.3134348,1637.18815,2.16489415
1.48,532.4073688,1638.36015,2.16496685
1.485,532.583004,1637.11,2.1613678
1.49,532.7439509,1633.75045,2.15831405
1.495,532.8012758,1632.65655,2.15915015
1.5,532.7400901,1634.68795,2.16242205
1.505,532.6888351,1637.50065,2.16423975
1.51,532.7095293,1636.9537,2.16343995
1.515,532.8023034,1635.3911,2.1619858
1.52,532.8957277,1634.8442,2.16129505
1.525,532.9945493,1635.00045,2.16158595
1.53,533.0775655,1636.1724,2.16282195
1.535,533.1244672,1637.18815,2.16383985
1.54,533.2222821,1638.04755,2.1637308
1.545,533.3472617,1636.7975,2.16140415
1.55,533.5395955,1634.68795,2.1592592
1.555,533.622825,1635.1567,2.16162225
1.56,533.4736058,1639.06325,2.1668936
1.565,533.2416584,1642.1884,2.16936565
1.57,533.1330991,1642.34465,2.16820235
1.575,533.0965585,1641.0946,2.16729345
1.58,533.0613547,1640.46955,2.16707535
1.585,533.0314023,1641.01645,2.16729345
1.59,533.109153,1641.71965,2.1675116
1.595,533.2474372,1643.126,2.168784
1.6,533.3145716,1643.98545,2.1691839
1.605,533.4647784,1642.89165,2.16714805
1.61,533.8148447,1640.93835,2.16533035
1.615,534.0258315,1640.39145,2.16645735
1.62,534.0418676,1641.48525,2.1674025
1.625,534.1156896,1640.8602,2.1646396
1.63,534.2822332,1638.2819,2.1613314
1.635,534.4646929,1636.4849,2.1607861
1.64,534.590337,1637.3443,2.16238565
1.645,534.7155779,1638.8288,2.1628946
1.65,534.8347375,1638.43815,2.16151315
1.655,534.9599351,1637.42245,2.1595137
1.66,535.1256975,1636.87555,2.1586412
1.665,535.4397619,1636.64115,2.1580959
1.67,535.641538,1636.17235,2.1578051
1.675,535.7403503,1636.01605,2.1579505
1.68,536.023103,1635.93795,2.1570416
1.685,536.3831966,1635.391,2.15511485
1.69,536.5852591,1634.2972,2.15442415
1.695,536.7408155,1634.53155,2.15547845
1.7,536.8947146,1636.7192,2.1577324
1.705,536.9406284,1637.5005,2.15845945
1.71,536.9423852,1636.32855,2.1559874
1.715,537.0827475,1633.8284,2.1524974
1.72,537.4268435,1632.0314,2.15049795
1.725,537.7204529,1632.5002,2.1499163
1.73,537.8095493,1632.8908,2.15067975
1.735,537.9842941,1633.43775,2.15075245
1.74,538.296622,1632.96895,2.14929825
1.745,538.4616525,1631.87515,2.14809855
1.75,538.5406594,1631.48445,2.14788045
1.755,538.6742392,1632.6564,2.14926195
1.76,538.781682,1633.9065,2.151116
1.765,538.7618046,1634.6097,2.1520612
1.77,538.7981738,1634.06285,2.1515886
1.775,538.9719461,1632.34395,2.1508615
1.78,539.1972435,1632.18775,2.14980725
1.785,539.2957679,1631.3283,2.149371
1.79,539.3739255,1630.39075,2.14762605
1.795,539.6508123,1627.26555,2.14326355
1.8,540.1059933,1623.2028,2.1385375
1.805,540.5061164,1620.3901,2.1357382
1.81,540.8247719,1620.0776,2.13493845
1.815,541.1618813,1620.7808,2.13512025
1.82,541.4872627,1621.5621,2.13512025
1.825,541.7049515,1622.10905,2.1361382
1.83,541.7099844,1622.8903,2.138792
1.835,541.6179439,1624.8436,2.1412641
1.84,541.5052229,1625.9374,2.14250015
1.845,541.3925605,1626.64055,2.14242745
1.85,541.3567346,1625.4686,2.1411187
1.855,541.5142814,1623.906,2.1390102
1.86,541.6471278,1621.71835,2.1369016
1.865,541.6697813,1621.0933,2.13624725
1.87,541.6099527,1622.03085,2.1374106
1.875,541.5902474,1622.9684,2.1367926
1.88,541.6518061,1621.24955,2.1341388
1.885,541.6934378,1619.6088,2.1329391
1.89,541.7088371,1620.312,2.135084
1.895,541.6170696,1623.1247,2.1389739
1.9,541.3731412,1626.64055,2.1415914
1.905,541.0730293,1627.73435,2.14311825
1.91,540.8686833,1628.82815,2.14442705
1.915,540.6904167,1628.59375,2.1436999
1.92,540.5953901,1626.8749,2.1418458
1.925,540.4952342,1626.1717,2.1423184
1.93,540.3183575,1627.65615,2.14388165
1.935,540.1684814,1628.12495,2.1428274
1.94,540.1150478,1626.32795,2.1408279
1.945,540.1021578,1624.53095,2.1401008
1.95,540.0636502,1624.2966,2.141046
1.955,539.9947037,1625.46855,2.14082785
1.96,539.9966561,1625.0779,2.1402098
1.965,540.048519,1625.156,2.1409369
1.97,540.0302158,1625.6248,2.1407915
1.975,540.134444,1624.37475,2.13839205
1.98,540.4516553,1622.34335,2.1363562
1.985,540.8433629,1621.0932,2.1359563
1.99,541.1963736,1621.0932,2.13457485
1.995,541.5029617,1620.46815,2.1338841
2,541.6819033,1620.39,2.1352292
2.005,541.7432332,1621.3276,2.1376286
2.01,541.7285723,1622.73395,2.13741045
2.015,541.6993176,1621.8745,2.1357018
2.02,541.740372,1620.23375,2.13515645
2.025,541.7672756,1620.70255,2.1354837
2.03,541.7843321,1621.95265,2.13548365
2.035,541.8314974,1622.8121,2.1357381
2.04,541.9327783,1622.73395,2.1366106
2.045,542.1419023,1621.95265,2.13461115
2.05,542.4935634,1619.6869,2.1302123
2.055,542.8556138,1616.6398,2.12723125
2.06,543.2014261,1615.46785,2.1280311
2.065,543.4605916,1617.0305,2.12941255
2.07,543.5078293,1618.7493,2.12941255
2.075,543.4733543,1617.8899,2.1291944
2.08,543.4586652,1617.73365,2.12904905
2.085,543.4241259,1618.1243,2.1286855
2.09,543.3399059,1618.74935,2.1280311
2.095,543.204334,1619.2181,2.12912175
2.1,543.0736736,1619.68685,2.1302851
2.105,543.0601317,1620.15565,2.12894
2.11,543.1032425,1618.4368,2.12544995
2.115,543.2980804,1615.54595,2.12279615
2.12,543.6032109,1614.13965,2.12232355
2.125,543.8124068,1614.60835,2.1220327
2.13,543.9017295,1613.2802,2.1205058
2.135,543.945576,1611.4051,2.11836095
2.14,543.9941384,1609.92065,2.1163615
2.145,544.2143523,1609.2175,2.11378035
2.15,544.5899176,1608.35805,2.11203535
2.155,544.8935237,1607.4986,2.11276245
2.16,545.0860046,1608.27985,2.1143257
2.165,545.1728116,1609.3737,2.1146892
2.17,545.3104041,1608.4361,2.11308965
2.175,545.5032398,1606.3266,2.1117082
2.18,545.7301114,1605.1546,2.1120354
2.185,545.9824326,1604.9202,2.11203535
2.19,546.1393021,1604.29515,2.11152635
2.195,546.0457996,1603.3576,2.1106902
2.2,546.0080771,1602.8107,2.10923605
2.205,546.2518591,1602.1857,2.10650945
2.21,546.5457092,1600.0762,2.10407375
2.215,546.7748139,1598.1229,2.10258325
2.22,546.9779476,1597.65415,2.1023651
2.225,547.2607345,1598.5136,2.10232875
2.23,547.4184472,1598.8261,2.1017107
2.235,547.4856886,1598.0448,2.10192885
2.24,547.7071125,1598.43545,2.102765
2.245,547.9964087,1599.76365,2.10523705
2.25,547.8952426,1601.7169,2.108727
2.255,547.513776,1603.6701,2.1111991
2.26,547.2769641,1604.6077,2.1107628
2.265,547.1053969,1603.90455,2.1094177
2.27,546.8456317,1603.90455,2.1096722
2.275,546.6453723,1605.0765,2.11163535
2.28,546.6396675,1607.18605,2.11298045
2.285,546.6043276,1608.5924,2.1119989
2.29,546.4205326,1607.0298,2.1097086
2.295,546.3981573,1604.99845,2.10756375
2.3,546.6103441,1604.0609,2.1069094
2.305,546.7623988,1604.7641,2.1076001
2.31,546.7837715,1606.32665,2.10970865
2.315,546.864275,1607.4205,2.11134455
2.32,546.8584981,1607.9674,2.11174445
2.325,546.633313,1608.12365,2.11148995
2.33,546.5386835,1607.4986,2.11105375
2.335,546.6689353,1606.1704,2.11047205
2.34,546.8348554,1605.6235,2.10952685
2.345,546.8617181,1605.3891,2.1081454
2.35,546.9444218,1604.139,2.10640045
2.355,547.0864846,1601.87325,2.105019
2.36,547.2444706,1600.6232,2.1034194
2.365,547.4370372,1600.62315,2.1022561
2.37,547.8199888,1599.76375,2.1009837
2.375,548.1779477,1598.3574,2.09963865
2.38,548.3057051,1597.73235,2.09912965
2.385,548.4829332,1597.8886,2.09923875
2.39,548.7934586,1598.27925,2.09945685
2.395,549.0992812,1597.26355,2.09854795
2.4,549.3163104,1596.326,2.0967666
2.405,549.5685535,1595.23215,2.0955306
2.41,549.8594942,1594.13835,2.095676
2.415,550.0959139,1593.5915,2.0953488
2.42,550.1769145,1593.59145,2.0936765
2.425,550.3324337,1592.18515,2.09084085
2.43,550.6483655,1589.84125,2.08865965
2.435,550.844846,1589.52875,2.08887775
2.44,550.901429,1590.85695,2.0906955
2.445,550.9816734,1593.0446,2.0920406
2.45,551.1357573,1593.12275,2.0916043
2.455,551.276532,1592.4977,2.0898593
2.46,551.3673896,1592.18515,2.0896412
2.465,551.6008895,1593.1227,2.0904046
2.47,551.9683863,1592.65395,2.089314
2.475,552.1876643,1591.48195,2.08702365
2.48,552.1988922,1590.5444,2.0856785
2.485,552.3490468,1590.1537,2.08596935
2.49,552.5189724,1591.01315,2.08658735
2.495,552.4751299,1591.8726,2.08785975
2.5,552.3315799,1593.35705,2.0891685
2.505,552.2408006,1593.904,2.0896411
2.51,552.172182,1593.4352,2.08724175
2.515,552.0651742,1591.63815,2.08600575
2.52,552.1555536,1591.9507,2.087678
2.525,552.4535958,1592.9664,2.0884051
2.53,552.6778954,1592.41945,2.0858967
2.535,552.7795313,1589.76305,2.0828066
2.54,552.9699697,1587.8879,2.08189775
2.545,553.2496203,1587.34095,2.0819705
2.55,553.4196236,1588.04415,2.0825158
2.555,553.5049298,1588.74725,2.082843
2.56,553.5154092,1588.5129,2.08258855
2.565,553.5167525,1587.49725,2.0805891
2.57,553.5187374,1585.77835,2.07924405
2.575,553.6088796,1585.3096,2.08113445
2.58,553.609942,1587.49725,2.08411545
2.585,553.4181196,1589.763,2.0846608
2.59,553.3691342,1589.05985,2.0835702
2.595,553.4381791,1588.0442,2.0827704
2.6,553.3803314,1586.16905,2.0818616
2.605,553.3040386,1585.46595,2.0806619
2.61,553.5187842,1584.3721,2.07971665
2.615,553.8028603,1583.122,2.07891685
2.62,553.9499156,1582.3407,2.07746265
2.625,553.9883928,1581.5594,2.07560865
2.63,554.2768066,1580.7781,2.07520875
2.635,554.5739089,1581.325,2.07637205
2.64,554.551022,1582.80945,2.0772082
2.645,554.5219435,1583.5907,2.0776808
2.65,554.6145706,1584.68455,2.07858965
2.655,554.496079,1584.372,2.0792077
2.66,554.2556562,1584.9971,2.0790623
2.665,554.3602926,1585.2315,2.07844425
2.67,554.6177388,1583.82515,2.0775354
2.675,554.7539023,1582.4969,2.07593575
2.68,554.7632578,1580.8562,2.07375455
2.685,554.974286,1578.90295,2.07128245
2.69,555.3772187,1576.79345,2.06815595
2.695,555.7366934,1574.0589,2.06466595
2.7,556.149876,1571.6368,2.06233925
2.705,556.6786105,1571.71495,2.06226655
2.71,556.9998953,1571.7149,2.06266645
2.715,556.9187114,1572.1837,2.06226655
2.72,556.8175187,1572.57435,2.0615395
2.725,556.9713298,1571.5587,2.061176
2.73,557.2279215,1570.3086,2.060667
2.735,557.3575801,1569.76175,2.06015805
2.74,557.4329134,1568.74605,2.0603035
2.745,557.6216896,1568.19915,2.0594673
2.75,557.8008322,1567.2616,2.05695885
2.755,557.9219967,1564.9958,2.05455945
2.76,558.184169,1564.05825,2.05488665
2.765,558.5428704,1564.4489,2.05623175
2.77,558.5983094,1565.2302,2.05652255
2.775,558.3840068,1565.5427,2.05590455
2.78,558.3801775,1565.07395,2.0556501
2.785,558.6210635,1564.13635,2.0549957
2.79,558.7156793,1564.1364,2.05412315
2.795,558.7216779,1564.1364,2.0549957
2.8,558.9429791,1564.44895,2.056668
2.805,559.1537331,1565.6209,2.05706785
2.81,558.9988681,1564.91775,2.0552865
2.815,558.8341367,1563.12075,2.0545231
2.82,559.1180925,1563.1989,2.05612265
2.825,559.4165779,1565.3084,2.0580494
2.83,559.318959,1566.55845,2.05815845
2.835,559.0933537,1566.24595,2.057286
2.84,559.1423273,1565.15205,2.0558682
2.845,559.2078877,1563.6676,2.05335975
2.85,559.1912502,1562.57375,2.0517238
2.855,559.4528872,1561.47995,2.05132395
2.86,559.9187478,1561.55805,2.0515784
2.865,560.0531403,1561.6362,2.05106945
2.87,560.0062677,1560.7768,2.05030605
2.875,560.3038113,1559.76115,2.05037875
2.88,560.5330145,1560.30805,2.0508877
2.885,560.3246608,1560.62055,2.0517965
2.89,560.0118364,1561.24565,2.05321435
2.895,560.0149609,1562.2613,2.0539051
2.9,559.9907638,1560.6987,2.0513967
2.905,559.8226371,1558.1985,2.0485974
2.91,559.9221172,1557.26095,2.0485247
2.915,560.3724375,1558.2766,2.04932445
2.92,560.5356279,1557.8859,2.047943
2.925,560.2953736,1555.46385,2.04470745
2.93,560.4002883,1552.1824,2.042708
2.935,560.9092476,1551.01045,2.0422718
2.94,561.28308,1551.32295,2.0429625
2.945,561.2808721,1552.18245,2.0447075
2.95,561.2808721,1553.97945,2.04627075
2.955,561.2411746,1553.5888,2.04550735
2.96,561.0823167,1551.63555,2.04296255
2.965,561.0592667,1549.44795,2.04187195
2.97,561.3677778,1549.44795,2.0419446
2.975,561.6567624,1549.83855,2.04190825
2.98,561.679037,1549.9948,2.04078125
2.985,561.7787678,1548.82285,2.0388908
2.99,562.0243712,1546.3227,2.03601885
2.995,562.2711239,1544.3694,2.03354675
3,562.4986573,1543.35375,2.03343765
3.005,562.9478891,1544.5257,2.0345283
3.01,563.2589451,1545.22885,2.0353281
3.015,563.1586815,1545.4632,2.03521905
3.02,563.0627493,1544.3694,2.03456475
3.025,563.1611251,1543.11935,2.0334378
3.03,563.2305657,1542.41615,2.03307425
3.035,563.3342903,1542.72865,2.03351055
3.04,563.7621937,1543.27555,2.0332197
3.045,564.0497416,1541.8692,2.03082035
3.05,563.9554239,1540.07215,2.0284573
3.055,563.9001836,1538.9002,2.02838455
3.06,564.4350477,1539.05645,2.02849365
3.065,564.9202364,1538.3533,2.02711215
3.07,564.7337099,1537.33755,2.02616695
3.075,564.6098991,1537.02505,2.0265305
3.08,564.9596296,1537.1032,2.02627605
3.085,565.1305941,1535.8531,2.0244583
3.09,564.8385731,1532.96225,2.0227133
3.095,564.9811716,1532.25905,2.02347675
3.1,565.6205753,1533.1185,2.0249673
3.105,565.892314,1533.6654,2.02467645
3.11,565.4791259,1532.49345,2.02322225
3.115,565.3120098,1531.0871,2.02205895
3.12,565.6753403,1530.384,2.0214409
3.125,565.9275084,1530.07145,2.0212955
3.13,565.9049957,1529.68085,2.02140455
3.135,566.0170403,1530.5403,2.02234975
3.14,566.267815,1531.94665,2.0233313
3.145,566.1669735,1531.32165,2.02267685
3.15,565.8540709,1529.83715,2.0218044
3.155,565.845546,1528.8215,2.02205885
3.16,566.1453786,1528.8215,2.02220425
3.165,566.151573,1528.19645,2.0210409
3.17,565.9368296,1527.1026,2.0198412
3.175,566.0202427,1527.1026,2.02075005
3.18,566.4787107,1528.4308,2.0231131
3.185,566.6621886,1529.21215,2.02442185
3.19,566.3637986,1529.44655,2.02460365
3.195,566.1754022,1529.3684,2.02464005
3.2,566.2957221,1529.13405,2.0236948
3.205,566.3299704,1527.8058,2.0213682
3.21,566.2021247,1525.54005,2.02005945
3.215,566.4399717,1525.1494,2.02140455
3.22,567.0044421,1526.63385,2.02362215
3.225,567.22244,1527.18075,2.0233313
3.23,566.9543077,1525.0712,2.0205684
3.235,566.7926521,1521.63345,2.0173329
3.24,567.0556616,1519.05515,2.01566055
3.245,567.3866594,1518.1957,2.01518795
3.25,567.5731547,1518.58635,2.0163513
3.255,567.6956546,1520.07085,2.01813265
3.26,567.8450599,1521.63345,2.01773275
3.265,567.8701731,1520.149,2.01482445
3.27,567.7119907,1516.9457,2.01253415
3.275,567.7794348,1516.00815,2.0133339
3.28,567.9672211,1517.4145,2.0148971
3.285,567.9623557,1517.80515,2.01424275
3.29,567.7561095,1515.69565,2.01093455
3.295,567.7481539,1512.80485,2.0080989
3.3,568.091837,1511.00785,2.00682645
3.305,568.5265639,1511.1641,2.00737175
3.31,568.7591852,1511.55475,2.00864415
3.315,568.7552762,1513.1955,2.0094439
3.32,568.7806874,1514.36745,2.00878955
3.325,568.7096023,1513.7424,2.0069355
3.33,568.5659805,1512.4923,2.0068991
3.335,568.4797849,1513.19545,2.0088622
3.34,568.5991227,1516.08625,2.0111889
3.345,568.616656,1518.03955,2.0119887
3.35,568.4183787,1517.8833,2.0112253
3.355,568.3221692,1515.85195,2.00973475
3.36,568.3896061,1514.5237,2.00871685
3.365,568.5014343,1513.2736,2.00817155
3.37,568.5557005,1512.64855,2.00813515
3.375,568.7648242,1511.9454,2.0080261
3.38,569.1041948,1512.4142,2.0070809
3.385,569.4278432,1512.7267,2.0077716
3.39,569.5781776,1512.64855,2.0091894
3.395,569.5934205,1513.74235,2.01013465
3.4,569.3831783,1513.97675,2.0096257
3.405,569.2018773,1513.74235,2.00904405
3.41,569.3997518,1513.508,2.0093349
3.415,569.6929347,1513.74235,2.01002565
3.42,569.6989476,1513.97675,2.00988025
3.425,569.5364083,1513.82045,2.00868055
3.43,569.5563093,1510.8515,2.00639025
3.435,569.7366339,1508.50765,2.0032638
3.44,570.0269115,1507.17945,2.0022095
3.445,570.3938149,1506.47625,2.00206405
3.45,570.7021866,1506.32,2.00213675
3.455,570.7325603,1505.77305,2.00159145
3.46,570.6627425,1505.148,2.0015187
3.465,570.7842294,1504.99175,2.00100975
3.47,571.0448627,1503.8979,1.9990103
3.475,571.2345998,1502.0228,1.99762885
3.48,571.4190883,1502.49155,1.99777425
3.485,571.6829523,1502.9603,1.9979924
3.49,571.8424492,1502.6478,1.9965019
3.495,571.9445473,1501.16335,1.99599295
3.5,572.1995448,1500.92895,1.99588385
3.505,572.5068083,1501.554,1.9951931
3.51,572.5942325,1501.0852,1.99381165
3.515,572.5339654,1499.75695,1.9935935
3.52,572.5632857,1499.44445,1.99384795
3.525,572.7363339,1499.44445,1.99235745
3.53,572.9243614,1498.1944,1.9909033
3.535,573.0992048,1497.02245,1.99043065
3.54,573.2390578,1497.10055,1.99064875
3.545,573.3642054,1497.10055,1.98992165
3.55,573.4793402,1495.85045,1.9894491
3.555,573.556974,1494.8348,1.98966725
3.56,573.5778965,1495.77235,1.9898854
3.565,573.7601357,1496.94435,1.9898127
3.57,573.9993171,1497.02245,1.9902126
3.575,573.9896113,1497.6475,1.99144865
3.58,573.8465439,1498.7413,1.99224845
3.585,573.807316,1499.8351,1.9930483
3.59,573.7548424,1499.4445,1.9935209
3.595,573.5411656,1499.0538,1.9931937
3.6,573.4037604,1498.3506,1.9927574
3.605,573.4894095,1497.6474,1.9923575
3.61,573.613419,1496.4755,1.99224845
3.615,573.5191066,1495.92855,1.9925393
3.62,573.5340513,1496.5536,1.99330275
3.625,573.7682336,1496.8661,1.99392075
3.63,573.8352367,1496.8661,1.99417525
3.635,573.7315794,1495.8504,1.9933391
3.64,573.8040216,1495.6941,1.9927575
3.645,573.9475121,1495.69415,1.99319375
3.65,574.091843,1496.16295,1.99315745
3.655,574.1740779,1495.77225,1.99235765
3.66,574.213764,1494.6784,1.9907217
3.665,574.2957753,1493.819,1.98988555
3.67,574.3735757,1493.5846,1.99003095
3.675,574.3419776,1493.42835,1.98948565
3.68,574.3915573,1492.64705,1.98763155
3.685,574.6546874,1492.02205,1.98643185
3.69,574.9508076,1491.24075,1.9854866
3.695,575.1618061,1491.00635,1.9837053
3.7,575.196697,1490.53755,1.98196025
3.705,575.3697568,1490.38135,1.98134225
3.71,575.7036853,1490.3032,1.98094235
3.715,575.8955938,1489.44375,1.978652
3.72,575.9402354,1488.11555,1.97705245
3.725,576.2120507,1487.80305,1.9776341
3.73,576.5071657,1487.80305,1.97777955
3.735,576.4047976,1487.56865,1.9763617
3.74,576.2596465,1487.4124,1.9761436
3.745,576.501904,1487.80305,1.97687065
3.75,576.8384028,1487.56865,1.97538015
3.755,576.7492038,1486.08415,1.97229
3.76,576.499209,1484.99035,1.97178105
3.765,576.6897109,1486.1623,1.9739623
3.77,577.1158653,1487.7249,1.9738532
3.775,577.2203953,1486.63105,1.9710903
3.78,577.1640595,1484.52155,1.9697452
3.785,577.3251242,1483.7402,1.97014515
3.79,577.4114089,1484.59965,1.9702542
3.795,577.3605507,1484.91215,1.97109035
3.8,577.5930471,1485.38095,1.97261725
3.805,577.9527022,1485.2247,1.97127215
3.81,578.0070987,1482.6464,1.9657463
3.815,577.8596614,1478.5055,1.9614202
3.82,578.1098998,1476.86475,1.9620382
3.825,578.6708113,1478.5055,1.96374685
3.83,578.9379773,1479.2868,1.96182005
3.835,578.9881155,1476.70855,1.9574939
3.84,579.2350308,1472.8801,1.95436745
3.845,579.6049704,1471.86445,1.95265885
3.85,579.7716737,1472.17695,1.95316775
3.855,579.9142872,1474.05205,1.95622155
3.86,580.0785485,1476.86475,1.9596025
3.865,580.0124707,1478.0367,1.9581483
3.87,579.6748662,1474.75525,1.95236805
3.875,579.5550643,1470.84875,1.9495324
3.88,579.9207746,1470.84875,1.9522953
3.885,580.2900029,1474.0521,1.95534905
3.89,580.4710781,1474.75535,1.95334955
3.895,580.4398821,1470.9269,1.94905975
3.9,580.2541305,1468.0361,1.94640595
3.905,580.2091641,1467.2548,1.94662405
3.91,580.5913473,1468.27045,1.94815095
3.915,580.9905725,1469.75495,1.9506594
3.92,580.7920929,1472.0207,1.9527679
3.925,580.2829778,1472.3332,1.9520772
3.93,580.0986873,1471.08315,1.94982325
3.935,580.2115486,1468.9736,1.9490598
3.94,580.2221577,1469.20795,1.9509139
3.945,580.3082857,1471.2394,1.9534223
3.95,580.6156096,1472.48945,1.9535677
3.955,580.6547981,1470.7706,1.9506957
3.96,580.4923249,1467.95795,1.94709665
3.965,580.7340334,1465.45775,1.94506085
3.97,581.3514983,1464.2077,1.94451555
3.975,581.6449596,1464.36395,1.94451555
3.98,581.6096096,1463.817,1.9446246
3.985,581.7800179,1463.81705,1.94440645
3.99,582.0481591,1462.72325,1.94287955
3.995,581.9795018,1460.76995,1.9400803
4,581.8972511,1458.1917,1.93895335
4.005,582.4165151,1458.19165,1.939535
4.01,583.0569807,1457.95725,1.93968035
4.015,583.2432794,1457.64475,1.93753545
4.02,583.2742114,1456.004,1.93499065
4.025,583.679093,1454.4414,1.93342745
4.03,584.135037,1454.4414,1.93291855
4.035,584.2405336,1454.5195,1.933064
4.04,584.2471439,1454.7539,1.93284585
4.045,584.551935,1454.51955,1.9316098
4.05,584.8144849,1453.50385,1.92884685
4.055,584.670346,1451.3944,1.9271019
4.06,584.4945211,1450.53495,1.92746545
4.065,584.6125388,1451.4725,1.9297921
4.07,584.9219333,1453.5039,1.9316462
4.075,584.9968471,1454.2852,1.93139165
4.08,584.8951047,1452.87885,1.92910135
4.085,584.8683318,1452.33195,1.9277926
4.09,585.0326754,1453.3476,1.929574
4.095,585.2150076,1455.06645,1.93142805
4.1,585.252409,1455.7696,1.9314281
4.105,585.1130375,1455.7696,1.93048285
4.11,585.0702339,1456.1603,1.930701
4.115,585.1996278,1455.7697,1.9309191
4.12,585.0868689,1454.83215,1.92982845
4.125,584.7794973,1454.6759,1.9295377
4.13,584.7561858,1455.53535,1.9308464
4.135,585.0919965,1455.53535,1.93095545
4.14,585.1671477,1454.59785,1.92855605
4.145,584.8790651,1453.03525,1.92699285
4.15,584.8980457,1453.26965,1.92775625
4.155,585.2896057,1454.0509,1.92891965
4.16,585.1876487,1454.20715,1.92844705
4.165,584.9091706,1453.8165,1.9273201
4.17,585.2972028,1453.2696,1.9275382
4.175,585.8757448,1452.56645,1.92753815
4.18,585.7097935,1452.33205,1.9262658
4.185,585.3531856,1451.47265,1.9252479
4.19,585.6996312,1450.76945,1.92590225
4.195,586.1522049,1451.23825,1.9269565
4.2,586.0184321,1451.0039,1.9264112
4.205,585.8327696,1450.06635,1.92452075
4.21,586.0892798,1448.9725,1.92372095
4.215,586.085701,1448.1912,1.92343015
4.22,585.8266697,1448.11305,1.92273945
4.225,585.9393684,1448.5037,1.92259405
4.23,586.3167565,1448.7381,1.92419365
4.235,586.37714,1450.1444,1.9258296
4.24,586.2144417,1450.8476,1.9254661
4.245,586.1733783,1449.5975,1.9236484
4.25,586.0901761,1448.8943,1.92408465
4.255,586.0164121,1449.75375,1.92604775
4.26,586.1844159,1450.1444,1.925357
4.265,586.3517659,1449.59745,1.92353925
4.27,586.0915773,1448.26925,1.9228122
4.275,585.8784094,1447.9567,1.92350295
4.28,586.0553593,1449.12865,1.92299395
4.285,586.0416113,1448.81615,1.9216852
4.29,585.7164568,1447.87855,1.9216125
4.295,585.7351449,1448.42545,1.92266675
4.3,586.0384993,1448.34735,1.92074
4.305,585.8763068,1446.6285,1.9180862
4.31,585.5094893,1446.31595,1.91877695
4.315,585.6503076,1447.80045,1.92121265
4.32,586.0508145,1449.98805,1.9220488
4.325,586.0274779,1449.36305,1.92023105
4.33,585.8650171,1446.86285,1.91888595
4.335,586.0703378,1445.69085,1.9188132
4.34,586.3358608,1446.39405,1.91874045
4.345,586.216013,1446.31595,1.91837695
4.35,586.1420629,1446.0034,1.9190313
4.355,586.483129,1445.92525,1.9188495
4.36,586.7777308,1445.3784,1.9175044
4.365,586.7932015,1444.12825,1.9165229
4.37,586.8135134,1443.26885,1.9169591
4.375,586.9913851,1444.597,1.918486
4.38,587.1228192,1445.2221,1.91852235
4.385,587.202763,1444.28455,1.9168137
4.39,587.2919616,1442.01875,1.91495965
4.395,587.5257098,1441.00305,1.9143416
4.4,587.7509437,1441.1593,1.91517775
4.405,587.9760914,1442.0969,1.916123
4.41,588.2704864,1441.54995,1.9154686
4.415,588.564929,1440.92495,1.9135418
4.42,588.7939372,1439.2842,1.9114333
4.425,588.9166399,1436.78405,1.9088885
4.43,589.0575732,1435.37765,1.9071435
4.435,589.2221358,1435.29955,1.90707085
4.44,589.3359741,1436.31525,1.9083069
4.445,589.3333378,1437.33095,1.908525
4.45,589.4093478,1436.54965,1.9060893
4.455,589.5212235,1434.5182,1.90379895
4.46,589.6575769,1434.04945,1.90289015
4.465,589.7476148,1433.3463,1.90263565
4.47,589.8748163,1433.19005,1.90143595
4.475,590.0990972,1432.7213,1.89969095
4.48,590.2963025,1431.1587,1.8978369
4.485,590.4658765,1429.28355,1.89554655
4.49,590.7279083,1427.25215,1.8925655
4.495,591.0271291,1425.8458,1.89169305
4.5,591.2290366,1426.70525,1.8937652
4.505,591.3943837,1428.8148,1.8950376
4.51,591.5102305,1429.2054,1.8946377
4.515,591.5937834,1428.6585,1.89278365
4.52,591.5575646,1427.3303,1.89191115
4.525,591.5306367,1427.0178,1.8922747
4.53,591.60497,1427.33035,1.8926019
4.535,591.6837705,1428.18975,1.8927837
4.54,591.6426991,1428.65855,1.8931109
4.545,591.6473072,1428.346,1.8918021
4.55,591.7671802,1426.86155,1.8899844
4.555,591.7530961,1425.4552,1.8896936
4.56,591.5565266,1425.6896,1.89042065
4.565,591.4372112,1426.3927,1.89169305
4.57,591.5387602,1427.174,1.89252915
4.575,591.6724041,1427.87715,1.89347435
4.58,591.6853773,1429.5179,1.8949285
4.585,591.6150559,1429.98675,1.89601915
4.59,591.5579648,1430.84615,1.89627365
4.595,591.4458177,1431.00245,1.89616465
4.6,591.310521,1431.39305,1.8956193
4.605,591.4025404,1430.61175,1.89445595
4.61,591.5824465,1429.1273,1.89321995
4.615,591.6070085,1428.50225,1.89252925
4.62,591.4796041,1428.7366,1.89223845
4.625,591.407044,1428.2678,1.89165675
4.63,591.5057651,1427.40835,1.89045705
4.635,591.6642574,1426.7833,1.88940275
4.64,591.8180192,1426.3927,1.88947545
4.645,591.957993,1426.54895,1.8897299
4.65,592.028205,1426.549,1.88933005
4.655,592.0191821,1425.92395,1.8883121
4.66,592.153511,1425.22075,1.88754865
4.665,592.4302385,1424.9864,1.88769405
4.67,592.7396278,1425.37705,1.8885302
4.675,592.9159089,1426.549,1.8893664
4.68,592.8198625,1426.93965,1.8895118
4.685,592.5115702,1426.70525,1.8882394
4.69,592.2542313,1424.8301,1.88558555
4.695,592.3140033,1423.42375,1.88471305
4.7,592.3561524,1423.8144,1.88645805
4.705,592.0982836,1426.70525,1.88972995
4.71,591.7233951,1428.89295,1.89154765
4.715,591.3614994,1428.9711,1.8911114
4.72,590.965637,1428.11165,1.89049335
4.725,590.537525,1427.2522,1.89023885
4.73,590.2119955,1427.17405,1.89056605
4.735,590.0081725,1427.6428,1.89143855
4.74,589.6518428,1428.58035,1.89318355
4.745,589.0556703,1429.5179,1.893947
4.75,588.6672123,1429.0491,1.89285635
4.755,588.3396042,1427.40835,1.8912204
4.76,587.7014776,1426.5489,1.8913658
4.765,586.9745457,1427.48645,1.8927836
4.77,586.261055,1428.34595,1.89278365
4.775,585.494269,1427.87715,1.891693
4.78,584.6046417,1426.9396,1.89096595
4.785,583.7132466,1426.6271,1.89063875
4.79,582.9518601,1426.54895,1.88943905
4.795,582.1572364,1425.1426,1.8880576
4.8,581.1419388,1424.20505,1.888094
4.805,580.2381284,1424.2832,1.8883848
4.81,579.4694307,1424.28315,1.8867852
4.815,578.5301421,1422.2518,1.8838405
4.82,577.4913518,1419.5172,1.88162285
4.825,576.4519089,1418.6578,1.88093215
4.83,575.5055421,1418.81405,1.88093215
4.835,574.5907092,1418.9703,1.8817683
4.84,573.6115294,1419.4391,1.88285895
4.845,572.5194404,1420.1423,1.8823136
4.85,571.3530838,1419.1266,1.87940525
4.855,570.1408127,1416.7827,1.8767878
4.86,569.0220788,1415.53265,1.87700595
4.865,567.9823445,1416.5483,1.8781693
4.87,566.9065441,1417.7203,1.87736955
4.875,565.7606816,1416.00145,1.8747884
4.88,564.5349535,1414.20445,1.8740613
